Priorité,Page,Volume cumulé
1,hadith du jour,8780
2,hadith 40 (Nawawi),7400
3,hadith du prophète (général),5410
4,hadith mariage,4640
5,hadith Bukhari (livre),3660
6,hadith définition / sciences du hadith,2020
7,hadith authentique / Muslim (livre),1970
8,hadith sur la femme,1850
9,1000 hadith / livres de hadith,1730
10,hadith sur la prière,1710
11,hadith sur le Coran,1670
12,hadith médecine prophétique (plantes),1550
13,hadith sur la mort,1500
14,hadith sur le Dajjal / fin des temps,1470
15,hadith qudsi,1440
16,hadith ramadan,1420
17,hadith sur le bon comportement / akhlaq,1350
18,hadith sur la patience / épreuves,1320
19,hadith sur la sadaqa / charité,910
20,hadith sur les parents / mère,910
21,hadith sur le voile / hijab,850
22,hadith sorcellerie / mauvais œil / roqya,820
23,hadith Aïcha (9 ans),790
24,hadith jeûne volontaire (lundi / jeudi / Achoura),790
25,hadith sur le chat / animaux,780
26,hadith vendredi,770
27,hadith sur la musique,760
28,édition Al-Hadith (maison d'édition),660
29,hadith sur le tattoo / épilation / apparence,620
30,hadith ablutions / pureté,480
31,hadith sur le pardon / repentir,450
32,hadith sur la fornication / zina,440
33,hadith sur l'alcool,430
34,hadith sur le divorce,410
35,hadith sur les sectes (73),400
36,hadith hijama,390
37,hadith sur les photos / images / dessins,390
38,hadith Palestine / Gaza / Sham,370
39,hadith sur la zakat,360
40,hadith sur le mensonge,360
41,hadith jeûne Rajab / Chaabane / mois sacrés,360
42,hadith amitié / fréquentation,350
43,hadith sur la vie (conseils),340
44,hadith sur le nationalisme,330
45,hadith cadeaux,300
46,hadith sur la barbe,290
47,hadith nuit du destin,280
48,hadith intention (niya),280
49,hadith sur la jalousie,260
50,hadith riba / usure,250
51,hadith sur la médisance / calomnie,240
52,hadith sur la richesse / subsistance / rizq,240
53,hadith omra / hajj,240
54,hadith sur la colère,220
55,hadith orphelin,210
56,hadith sur la famille / liens de parenté,200
57,hadith sur la pluie / météo,170
58,hadith Isra wal-Miraj,160
59,hadith sur la circoncision,140
60,hadith sur la tristesse,140
61,hadith voisin,140
62,hadith science / connaissance,130
63,hadith sur le salam,120
64,hadith sur le jeûne (général),120
65,hadith dévoiler ses péchés,110
66,hadith sur le dégradé / coiffure,90
67,hadith sur la dote,80
68,hadith sur les rêves,60
69,hadith sur le suicide,60
70,hadith sur le sourire,20
71,hadith sur la mère (paradis sous ses pieds),20
