Pages les plus populaires,Clics,Impressions,CTR,Position
https://www.islamreligion.fr/rever-souris-islam/,613,8465,7.24%,7.05
https://www.islamreligion.fr/reve-poisson-islam-richesse/,420,10864,3.87%,8.13
https://www.islamreligion.fr/pleurer-reve-islam-compassion/,413,8956,4.61%,7.92
https://www.islamreligion.fr/reve-arachnide-islam/,407,9068,4.49%,10.3
https://www.islamreligion.fr/signification-reve-tuer-islam/,345,9132,3.78%,6.8
https://www.islamreligion.fr/rever-tirer-dessus-islam/,317,7277,4.36%,7.77
https://www.islamreligion.fr/rever-mort-islam-messages/,272,5830,4.67%,12.3
https://www.islamreligion.fr/sorcellerie-islam-protection/,195,4737,4.12%,9.38
https://www.islamreligion.fr/rever-chien-islam-signification/,150,4465,3.36%,14.06
https://www.islamreligion.fr/reve-cheval-islam-bienfaits/,150,3168,4.73%,10.88
https://www.islamreligion.fr/rever-perdre-dents-islam/,110,1462,7.52%,19.43
https://www.islamreligion.fr/remede-yeux-islam-soins/,87,1243,7%,7.86
https://www.islamreligion.fr/rever-rat-islam-purification/,82,2355,3.48%,10.2
https://www.islamreligion.fr/temoins-crime-islam-protection/,77,1658,4.64%,7.77
https://www.islamreligion.fr/remede-arabe-endometriose/,69,513,13.45%,7.33
https://www.islamreligion.fr/symbolisme-fourmis-islam/,55,2790,1.97%,10.39
https://www.islamreligion.fr/prier-islam-excellence-spirituelle/,54,1119,4.83%,13.19
https://www.islamreligion.fr/alopecie-remede-islam/,52,705,7.38%,10.23
https://www.islamreligion.fr/fin-monde-islam-preparation/,50,1269,3.94%,13.87
https://www.islamreligion.fr/reves-ex-islam/,47,1866,2.52%,11.38
https://www.islamreligion.fr/rever-poux-islam-protection/,45,2153,2.09%,11.58
https://www.islamreligion.fr/mariage-islam-presages-significations/,45,679,6.63%,20.24
https://www.islamreligion.fr/rever-enceinte-islam/,44,1149,3.83%,20.86
https://www.islamreligion.fr/remede-arabe-acouphene/,36,1040,3.46%,9.09
https://www.islamreligion.fr/rever-chat-islam-symbolisme/,25,662,3.78%,34.6
https://www.islamreligion.fr/rever-crocodile-islam-protection/,23,1181,1.95%,21.57
https://www.islamreligion.fr/cafard-islam-signification/,22,579,3.8%,16.65
https://www.islamreligion.fr/psoriasis-remede-arabe/,21,473,4.44%,10.07
https://www.islamreligion.fr/remede-arabe-arreter-fumer/,20,377,5.31%,10.76
https://www.islamreligion.fr/rever-accoucher-islam/,11,169,6.51%,27.51
https://www.islamreligion.fr/priere-voyageur-islam/,10,722,1.39%,60.18
https://www.islamreligion.fr/peches-sexualite-islam/,7,88,7.95%,22.42
https://www.islamreligion.fr/remede-arabe-constipation/,6,265,2.26%,14.61
https://www.islamreligion.fr/remede-arabe-hemorroides/,6,145,4.14%,14.18
https://www.islamreligion.fr/abandon-priere-islam-consequences/,6,68,8.82%,18.63
https://www.islamreligion.fr/signes-fin-monde-islam/,5,98,5.1%,36.69
https://www.islamreligion.fr/remede-arabe-toux-soins-naturels/,3,38,7.89%,7.24
https://www.islamreligion.fr/halal-haram-criteres/,1,304,0.33%,55.73
https://www.islamreligion.fr/dajjal-signes-islam/,1,267,0.37%,58.33
https://www.islamreligion.fr/retour-jesus-islam/,1,58,1.72%,27.59
https://www.islamreligion.fr/conditions-maghfira-pardon/,1,16,6.25%,19.5
https://www.islamreligion.fr/rituels-belle-alignee/,0,54,0%,30.72
https://www.islamreligion.fr/category/reves/,0,49,0%,28.41
https://www.islamreligion.fr/page/2/,0,40,0%,10.55
https://www.islamreligion.fr/author/islamreligion/,0,37,0%,14.19
https://www.islamreligion.fr/,0,35,0%,10.31
https://www.islamreligion.fr/jurisprudence-islamique-coran-sunna-ijma/,0,32,0%,14.16
https://www.islamreligion.fr/istikhara-priere-consultation/,0,31,0%,73.61
https://www.islamreligion.fr/category/actualites/,0,28,0%,11.32
https://www.islamreligion.fr/category/eschatologie/,0,27,0%,11.85
https://www.islamreligion.fr/page/7/,0,26,0%,8.46
https://www.islamreligion.fr/page/6/,0,26,0%,9.15
https://www.islamreligion.fr/mariage-islamique-contrat/,0,25,0%,67.92
https://www.islamreligion.fr/repentir-sincere-islam-tawba/,0,16,0%,49.12
https://www.islamreligion.fr/page/4/,0,15,0%,2.27
https://www.islamreligion.fr/invocations-reussite-facilite/,0,11,0%,10.55
https://www.islamreligion.fr/divorce-islam-talaq-khula/,0,11,0%,59.27
https://www.islamreligion.fr/remede-angoisse-islam/,0,9,0%,8.67
https://www.islamreligion.fr/remede-arabe-grossesse/,0,8,0%,18.88
https://www.islamreligion.fr/gog-magog-liberation-fin-des-temps/,0,6,0%,16
https://www.islamreligion.fr/category/jurisprudence-islamique/,0,6,0%,57.17
https://www.islamreligion.fr/reve-erotique-islam-purification/,0,5,0%,21
https://www.islamreligion.fr/droits-femme-divorce-islamique/,0,4,0%,69.75
https://www.islamreligion.fr/author/islamreligion/page/7/,0,3,0%,4.67
https://www.islamreligion.fr/remede-arabe-maigrir-islam/,0,2,0%,12
https://www.islamreligion.fr/apprendre-science-religieuse-islam/,0,2,0%,36
https://www.islamreligion.fr/category/spiritualite-priere/,0,2,0%,68.5
https://www.islamreligion.fr/author/islamreligion/page/5/,0,1,0%,3
https://www.islamreligion.fr/signes-mineurs-actuels/,0,1,0%,7
https://www.islamreligion.fr/wp-content/uploads/2025/09/Rever-de-prier-en-islam-excellence-spirituelle-et-proximite-divine-3.jpg,0,1,0%,12
https://www.islamreligion.fr/maternite-islam-responsabilite/,0,1,0%,82